{
  "v1_ARC": {
    "ceiling": 86.45733788395916,
    "steepness": 0.2580144643369268,
    "inflection_month_idx": -4.999999999943026,
    "r_squared": -0.5232146894471708,
    "t_90_idx": 3.5158969013523427
  },
  "v1_HellaSwag": {
    "ceiling": 91.75044811790497,
    "steepness": 0.560824523210422,
    "inflection_month_idx": -4.99999999999839,
    "r_squared": 0.2434513223881688,
    "t_90_idx": -1.0821531755437848
  },
  "v1_MMLU": {
    "ceiling": 88.35202315945506,
    "steepness": 0.33341519764277827,
    "inflection_month_idx": -4.999999999803451,
    "r_squared": 0.1860522618960786,
    "t_90_idx": 1.5900552612357615
  },
  "v1_TruthfulQA": {
    "ceiling": 82.76939432426856,
    "steepness": 0.3897800407520896,
    "inflection_month_idx": -2.826928448158248,
    "r_squared": 0.8035354831287065,
    "t_90_idx": 2.8101600315305113
  },
  "v1_Winogrande": {
    "ceiling": 90.47592738753578,
    "steepness": 0.43464217528028587,
    "inflection_month_idx": -4.999999999826435,
    "r_squared": -0.30010195053816435,
    "t_90_idx": 0.05524935769232098
  },
  "v1_GSM8K": {
    "ceiling": 87.2486732399638,
    "steepness": 0.5160943850093244,
    "inflection_month_idx": 0.041259476987781235,
    "r_squared": 0.9858509816691896,
    "t_90_idx": 4.298667891335327
  },
  "v2_IFEval": {
    "ceiling": 88.97581971391469,
    "steepness": 0.46346999904390757,
    "inflection_month_idx": -4.999999999999808,
    "r_squared": -0.754877334100208,
    "t_90_idx": -0.2591870415151707
  },
  "v2_BBH": {
    "ceiling": 99.99999999999999,
    "steepness": 0.058582684612713674,
    "inflection_month_idx": -4.999999999999999,
    "r_squared": 0.5536820054692574,
    "t_90_idx": 32.506382506399774
  },
  "v2_MATH Lvl 5": {
    "ceiling": 70.45015105740183,
    "steepness": 0.27352034735252534,
    "inflection_month_idx": -1.6527345993227107,
    "r_squared": 0.6191777999567091,
    "t_90_idx": 6.380395654436208
  },
  "v2_GPQA": {
    "ceiling": 70.48352257001156,
    "steepness": 0.07783226056376231,
    "inflection_month_idx": 13.295026277558707,
    "r_squared": 0.8604750254182847,
    "t_90_idx": 41.525281462504715
  },
  "v2_MUSR": {
    "ceiling": 37.68802083333468,
    "steepness": 0.19965154453443504,
    "inflection_month_idx": -2.6746378716171564,
    "r_squared": 0.32815797927149615,
    "t_90_idx": 8.33065929480297
  },
  "v2_MMLU-PRO": {
    "ceiling": 99.9999999999999,
    "steepness": 0.03051225933817314,
    "inflection_month_idx": -4.999999999999991,
    "r_squared": 0.03230427055661933,
    "t_90_idx": 67.01120549559981
  }
}